id,data,data_iso,categoria,titulo,resumo,fonte,url_original,status_curadoria
manual-02c106918e,12/08/2026,2026-08-12,Policial e Segurança Pública,Três PMs são presos após 'emprestar' viatura para pegadinha de Carlinhos Maia,Viatura aparece em gravação publicadas nas redes sociais pelo influenciador,Correio 24 Horas,https://www.correio24horas.com.br/brasil/tres-pms-sao-presos-apos-emprestar-viatura-para-pegadinha-de-carlinhos-maia-0826,Aprovado
mov-fd1b533a0c,11/08/2026,2026-08-11,Jurídico e PAD,Marcos Antonio de Sousa toma posse como desembargador do TJTO nesta quarta pelo Quinto Constitucional,"A composição do Tribunal de Justiça do Tocantins (TJTO) terá um novo desembargador a partir desta quarta-feira, 12. O advogado Marcos Antonio de Sousa,...",Jornal Opção | Tocantins,https://tocantins.jornalopcao.com.br/noticias/marcos-antonio-de-sousa-toma-posse-como-desembargador-do-tjto-nesta-quarta-pelo-quinto-constitucional-596705/,Pendente
auto-d2c67f2081,11/08/2026,2026-08-11,Policial e Segurança Pública,Notícias de Ribeirão Preto e região,Funcionário público é assaltado em avenida de Ribeirão Preto. A vítima foi surpreendida por criminoso em um viaduto da Zona Oeste do município...,Revide,https://news.google.com/rss/articles/CAESfQHuR6pNlVukaa1iQ8R-ggFP_mTX9D8bAsZJoxfB3mdO_js_dKvlP5o6MT2sV8flnZzYA1_HD3Rvhoo-ok-OnHUTUmtMhENPJa-TbtYhcDhmF4xYokVurx7EVxQJzSO6mpMs7Ae3DlCKRgA2TPpkCp_ErjztkIeoX4eAx25C,Pendente
auto-d583ecb367,11/08/2026,2026-08-11,Artes e Literatura,"Juntos há mais de 10 anos, pai relembra como foi criar sozinho o filho após adoção: 'Amor é uma construção diária'","Juntos há mais de 10 anos, o servidor público Ruyter Luciano Silva, de 50 anos, relembra como foi criar sozinho o filho José Augusto após a adoção do jovem,...",G1,https://news.google.com/rss/articles/CAEShwIB7keqTTCMHGUzYlHfyAp-4LZZZaG-Onjw7VK7VIPzbh9-JbFvJ6M2-IzkDgbvZFTOzfGZ1xgTvZwN9y24SE-NYrySKxwlytVS07Y8wJ6fahjrxnScU8fqR_CPbTtMu6F4Zx2a9peX9HjGK3ufirH9QR4mqUHS23Nb3D5TQZcBb4zTRFGbxo5crC_0kB6GE6C8OM-4K7kwvcaz06UteuIU2AxfWMjzVu5h8jeY6WYIk8X6o9Lpq5UTfMjeNns9SXl_3np1WNy1mE6FFozt0YxZW7UOYvj98tZlIbUKIeKrxhcI2Ixv9ePcrBCfVM6F75J4OCYxWOGfTKe4xL2i1OoiILkoXBbrHw==,Pendente
auto-9ee956ed19,11/08/2026,2026-08-11,Solidariedade e Comunidade,"De pai para filha: cirurgião inspira a filha, e os dois passam a operar corações juntos em SP","Cirurgião cardiovascular há 50 anos no Instituto de Assistência Médica ao Servidor Público Estadual (Iamspe) de São Paulo, Enoch Brandão Meira, de 85 anos,...",G1,https://news.google.com/rss/articles/CAESzwEB7keqTQBT497AsYy_hhOLPIi25yrxlcvUbqf1gOyQ06PwNBq-ewG-F42DZvs6nb_5ISO9shqTMh1_aqFCU4ktfCz4OR6sVv8ETwCdHHebHbhxqZWsIIV0C0YN3INqEWxZbhPynHE9kwx_IwQeVDgrRm6tlBMniVqCgHiuKehqjDfl17WTyHEGFeIU2PfX4-1TXjN5Yny9OhBDVobvM0Hc7s-56WjioKexOnAYV83JU4NZKB0Mf9fdZk6MGvfvyHiiSHbR9fpbXKMSzFiAIrk=,Pendente
auto-2086fd6a4a,11/08/2026,2026-08-11,Policial e Segurança Pública,"Servidor público é detido após perseguir e assediar faxineira em rodoviária de Limeira, diz Guarda","Um servidor público, de 46 anos, foi detido pela Guarda de Limeira (SP) suspeito de perseguir e assediar com frequência uma funcionária da limpeza do...",G1,https://news.google.com/rss/articles/CAES3QEB7keqTejFEP-ELfah8QnASlqDtNa1F4McuMhNMMHLDwdEE6SzL293HLTUyDO3kqeXWONwC-IFCpcu0YzxmKzldPjH7UHmIXm1Hu6rkLih3on4nRCceMqDw1i5G2lr3fdADo19BN08rw_zxIRfQXlstpwQw3X8FSZE4nvS_FmOyxrrCRNe6_Dd1wB_7YJxxH9tcWiOzZmmn7oM_sbkd_rkdDUbMIxCcC8Enwnggw7gWNS6RnlFUG0DHKV0DUz_40solaW2QACe7r6b7qk3f2rjRAbhzH6592_a1i2Y_Q==,Pendente
mov-e405a79ec7,11/08/2026,2026-08-11,Carreira e Conquistas,Giovanna Mayer toma posse no TRE-PB em vaga pioneira exclusiva a mulheres,"A advogada Giovanna Mayer tomou posse, nesta segunda-feira (10), como desembargadora do Tribunal Regional Eleitoral da Paraíba (TRE-PB), na vaga destinada à...",Jornal da Paraíba,https://jornaldaparaiba.com.br/politica/conversa-politica/giovanna-mayer-toma-posse-no-tre-pb-em-vaga-pioneira-exclusiva-a-mulheres,Pendente
mov-0248bd2994,11/08/2026,2026-08-11,Jurídico e PAD,Francisco Donizete Gomes toma posse como novo desembargador federal do TRF4,"Na tarde desta segunda-feira (10/8), o juiz federal Francisco Donizete Gomes tomou posse como o novo desembargador federal do Tribunal Regional Federal da...",TRF4,https://www.trf4.jus.br/trf4/controlador.php?acao=noticia_visualizar&id_noticia=30376,Pendente
auto-8f9c9be96c,11/08/2026,2026-08-11,Policial e Segurança Pública,Polícia Civil investiga caso de homem morto por policial militar de folga em Campo Bom,"Conforme a apuração, o agente relatou ter flagrado o suspeito furtando fios de cobre e alegou legítima defesa por acreditar que a vítima estaria armada.",GZH,https://gauchazh.clicrbs.com.br/seguranca/noticia/2026/08/policia-civil-investiga-caso-de-homem-morto-por-policial-militar-de-folga-em-campo-bom-cmshp6zcw01fl016jz1e55zlu.html,Pendente
mov-1a14cbc25a,09/08/2026,2026-08-09,Carreira e Conquistas,Primeira promotora trans do Brasil toma posse no Ministério Público do Amazonas,"A advogada e professora Fabi Diniz de Queiroz Pilate tomou posse, nesta sexta-feira (31/07), como promotora de Justiça do Ministério Público do Estado do...",Diário da Manhã,https://news.google.com/rss/articles/CAESpQEB7keqTd_neb8JVemo8t1A9jm1HKBkj37anckU1ZC1V3PM4dgwY9N6jdWQGuU93IzeIWPbLg-78V62FOvzCgb63PDmsnht-QA0SEu_BHiY4iR6K2KcHt4xhrZ6BbdhUNPPTaAUIn6zaU43HtJ3dZWbDEJJOInlKsWNJ6F4-K99rJ3rVczOZ3zLWA5guHEt4VIcm1K20qOTbMya3SjmzAuD2xA2964=,Pendente
mov-102a3f994f,09/08/2026,2026-08-09,Jurídico e PAD,Selma Sauerbronn toma posse como desembargadora do TJDFT,"O Tribunal de Justiça do Distrito Federal e dos Territórios (TJDFT) empossou, na tarde desta quarta-feira, 5/8, Selma Sauerbronn no cargo de desembargadora.",Jornal de Brasília,https://news.google.com/rss/articles/CAESmgEB7keqTd2_oqQrb58Cz-ddjZpJxkjL07tTuTFbBO2bLfH9sDvbwAq20g4BLLLWNjt-mC3pyRmN09T_X-aKlE_X3yPKR21OD2OLsev7NDPP_fi40UMqZK5IOy0UTqXQRxPLAXziXy40yVRA52_Ev7ahoNrX4ccHRjxUYJRhelG8AHgLTh7iSEp8QhDI1O874k1Lv___IUTcRVuz,Pendente
mov-584c948e78,09/08/2026,2026-08-09,Carreira e Conquistas,Juíza Adriana Carla Feitosa toma posse como desembargadora eleitoral do TRE/AL,"A juíza estadual Adriana Carla Feitosa Martins tomou posse, nesta terça-feira (04), como desembargadora eleitoral titular do Tribunal Regional Eleitoral.",Alagoas 24 Horas,https://news.google.com/rss/articles/CAESsQEB7keqTQffPNbs6mcgBMPftZfUicdBmCuvPFqb_1fQXTp7_50TLo7m6Hd_SbTixhyVX2CFOIq4RTzcQlR2MOJP6WkK7UmWKyZrQG_SzqoxWxdDu2I47ZVn8tO0usNBV4OGx4GFH6PjntO4utDPiOxO7KbAQkCvkZBDXg3AvFTKTmPoHqoVNod1cMAkvjq8Zr7C4kJV3n0rVcOfzJCF0m-LZMK0mV61kLn_hlz3aqmqxeQ=,Pendente
mov-815e8a58b9,09/08/2026,2026-08-09,Jurídico e PAD,Denise Abade toma posse como desembargadora federal do TRF3,Magistrada foi nomeada para vaga decorrente da aposentadoria do desembargador federal Antonio Cedenho. O Tribunal Regional Federal da 3ª Região (TRF3)...,Tribunal Regional Federal da 3ª Região,https://news.google.com/rss/articles/CAESrQEB7keqTctSsnrxqSFNX2oXGM3syfJ_G0r-OYD7F3_9gxx-MyUQjIEB9jDImycCSfBU4UT36USLDi6RuAgSoWrArbRW-_yPHYPX9jxkNm6sYOjUQClhTcOHj4HCde_hJw5lo9QtBqv0Mp_hB603eIMp3n3G9JOPPYP4CBXz5XeDmI8RBmYea9Jwxi_l5P3Xt64da3EQv3mDDWbRMzIkScp44fxTReLhDpDqdCefbw==,Pendente
auto-5c6dfebfb2,09/08/2026,2026-08-09,Policial e Segurança Pública,"Homem morto ao tentar apartar briga em bar em Barretos, SP, foi ao local para show de amigo, diz advogado","O servidor público Carlos Eduardo Silveira, de 43 anos, morto a facadas ao tentar apartar uma briga na porta de um bar em Barretos (SP) no último domingo...",G1,https://g1.globo.com/sp/ribeirao-preto-franca/noticia/2026/08/04/homem-morto-ao-tentar-apartar-briga-em-bar-em-barretos-sp-foi-ao-local-para-show-de-amigo-diz-advogado.ghtml,Pendente
auto-0fab63f2d8,09/08/2026,2026-08-09,Jurídico e PAD,Tema 1061 – STF – Trânsito em Julgado,"Concessão de diferenças salariais relativas a 13,23% a servidor público federal por meio de decisão judicial tendo em vista a instituição da vantagem...",Tribunal de Justiça do Estado de Rondônia,https://www.tjro.jus.br/corregedoria/acesso/csps1g/servicos?view=article&id=14498%3A13623-tema-1061-stf-transito-em-julgado&catid=150,Pendente
auto-40445908fe,09/08/2026,2026-08-09,Carreira e Conquistas,Homem é condenado por injúria racial praticada contra servidor público em Arvorezinha,"Pena foi fixada em um ano, um mês e 15 dias de reclusão, em regime inicial aberto.",Correio do Povo,https://www.correiodopovo.com.br/not%C3%ADcias/cidades/homem-e-condenado-por-injuria-racial-praticada-contra-servidor-publico-em-arvorezinha-1.1736414,Pendente
auto-547f203e5f,09/08/2026,2026-08-09,Policial e Segurança Pública,Golpista se passa por servidor público e causa prejuízo de mais de R$ 1 milhão a idosa,A Polícia Civil do Distrito Federal prendeu um homem que se passava por servidor público para aplicar golpes. Ele enganou uma idosa ao afirmar que sua conta...,R7,https://noticias.r7.com/brasilia/balanco-geral-df/video/golpista-se-passa-por-servidor-publico-e-causa-prejuizo-de-mais-de-r-1-milhao-a-idosa-04082026/,Pendente
auto-d6e48a1ef6,09/08/2026,2026-08-09,Policial e Segurança Pública,"Policial reage a assalto e mata suspeito com tiro em Salvador, diz PM","Um policial militar reagiu a uma tentativa de assalto e matou um suspeito, na madrugada desta sexta-feira (7), no bairro de Itapuã, em Salvador.",G1,https://g1.globo.com/ba/bahia/noticia/2026/08/07/suspeito-baleado-em-salvador.ghtml,Pendente
auto-5973c6353b,09/08/2026,2026-08-09,Esportes e Aventura,Parceira inesperada: policial corre ao lado de atleta que queria desistir da prova,"Uma atitude simples, mas que fez toda a diferença. Durante a Corrida do 25º Batalhão da Polícia Militar, em Umuarama, uma policial militar percebeu que uma...",Catve,https://catve.com/noticia/6/479054/parceira-inesperada-policial-corre-ao-lado-de-atleta-que-queria-desistir-da-prova,Pendente
auto-f54223ccf2,09/08/2026,2026-08-09,Policial e Segurança Pública,Servidora pública morre e neto fica ferido após moto ser atingida por carro no ES,"Uma servidora pública de 56 anos morreu e o neto ficou ferido após a moto que pilotava ser atingida de frente por um carro na manhã desta quarta-feira (5),...",G1,https://g1.globo.com/es/espirito-santo/norte-noroeste-es/noticia/2026/08/05/servidora-publica-morre-e-neto-fica-ferido-apos-moto-ser-atingida-por-carro-no-es.ghtml,Pendente
auto-42e4291239,09/08/2026,2026-08-09,Jurídico e PAD,"'Servidor público não pode receber presente', diz leitor sobre conflito de interesses na magistratura","Ministro Edson Fachin propõe regras para participação em eventos, atividades privadas e mais.",Folha de S.Paulo,https://www1.folha.uol.com.br/paineldoleitor/2026/08/servidor-publico-nao-pode-receber-presente-diz-leitor-sobre-conflito-de-interesses-na-magistratura.shtml,Pendente
prot-b9de6fde84,09/08/2026,2026-08-09,Cultura Pop e Gastronomia,Influencer morre vítima de pneumonia e deixa mensagem reveladora ao namorado,"O influenciador digital e servidor público Lukas Alvarenga, de 29 anos, faleceu na última segunda-feira (20) em Japeri, na Baixada Fluminense,...",Br,https://br.jetss.com/2026/07/26/influencer-morre-vitima-de-pneumonia-e-deixa-mensagem-reveladora-ao-namorado/,Pendente
prot-27b64f820b,09/08/2026,2026-08-09,Policial e Segurança Pública,Adolescente morre após apontar arma para a GM durante perseguição no Paraná,Fiat Toro era conduzida pelo pai do adolescente – Foto: REPRODUÇÃO/GUARDA MUNICIPAL DE LONDRINA. Um adolescente morreu em um confronto com a Guarda...,Leojunior,https://leojunior.com.br/adolescente-morre-apos-apontar-arma-para-a-gm-durante-perseguicao-no-parana/,Pendente
prot-7dc99bbef6,09/08/2026,2026-08-09,Artes e Literatura,Delegado lança livro sobre facções criminosas e governança criminal no Brasil,"(MG) Delegado de Polícia Civil de Minas Gerais e pesquisador Murillo Ribeiro de Lima lançou a obra Facções Criminosas: Poder, Território e Governança...",Delegados,https://delegados.com.br/noticias/delegado-lanca-livro-sobre-faccoes-criminosas-e-governanca-criminal-no-brasil/,Pendente
auto-1c12dc3ecd,09/08/2026,2026-08-09,Solidariedade e Comunidade,HSPM realiza série de Encontros Psicoeducativos para Familiares e Cuidadores de Pessoas com Alzheimer,"Os dias 12 de agosto, 9 de setembro, 14 de outubro e 11 de novembro, das 13h30 às 15h30, serão dedicados aos Encontros Psicoeducativos para Familiares e...",Prefeitura de São Paulo,https://prefeitura.sp.gov.br/web/hospital_do_servidor_publico_municipal/w/hspm-realiza-s%C3%A9rie-de-encontros-psicoeducativos-para-familiares-e-cuidadores-de-pessoas-com-alzheimer,Pendente
auto-b7ad7b3624,09/08/2026,2026-08-09,Ciência e Tecnologia,Desospitalização será tema do II Fórum de Saúde do HSPM,Objetivo é promover um espaço de debate científico e multidisciplinar sobre a desospitalização e estratégias de transição hospitalar segura.,Prefeitura de São Paulo,https://prefeitura.sp.gov.br/web/hospital_do_servidor_publico_municipal/w/desospitaliza%C3%A7%C3%A3o-ser%C3%A1-tema-do-ii-f%C3%B3rum-de-sa%C3%BAde-do-hspm,Pendente
auto-94f3754f07,09/08/2026,2026-08-09,Carreira e Conquistas,HSPM abre a 12° turma do curso à distância “Aprimoramento em Qualidade”,"O Hospital do Servidor Público Municipal (HSPM) está com inscrições abertas para a 12ª turma do curso EAD “Aprimoramento da Qualidade”, uma realização da...",Prefeitura de São Paulo,https://prefeitura.sp.gov.br/web/hospital_do_servidor_publico_municipal/w/hspm-abre-a-12%C2%B0-turma-do-curso-%C3%A0-dist%C3%A2ncia-aprimoramento-em-qualidade-,Pendente
auto-f2e9018c75,09/08/2026,2026-08-09,Solidariedade e Comunidade,HSPM homenageará os pais pelo seu dia,"O Dia dos Pais será comemorado no próximo domingo (9). Para celebrar a data, o Hospital do Servidor Público Municipal (HSPM) realizará, ao longo de todo o...",Prefeitura de São Paulo,https://prefeitura.sp.gov.br/web/hospital_do_servidor_publico_municipal/w/hspm-homenagear%C3%A1-os-pais-pelo-seu-dia,Pendente
auto-ab9c3deb24,09/08/2026,2026-08-09,Esportes e Aventura,Morte de PM durante aula de jiu-jitsu em MT teria sido motivada por relacionamento com esposa do suspeito; diz polícia,"A morte do policial militar Renato Oliveira Aragão durante uma aula de jiu-jitsu em Várzea Grande (MT), nesta terça-feira (4), teria sido motivada por um...",G1,https://g1.globo.com/mt/mato-grosso/noticia/2026/08/05/morte-de-pm-durante-aula-de-jiu-jitsu-em-mt-teria-sido-motivada-por-relacionamento-com-esposa-do-suspeito-diz-policia.ghtml,Pendente
auto-d54def0157,09/08/2026,2026-08-09,Policial e Segurança Pública,PM é morto a tiros durante aula de jiu-jitsu em Várzea Grande (MT),"Um policial militar, identificado Renato Oliveira Aragão, de 32 anos, morreu após ser baleado nesta terça-feira (4), no bairro Cristo Rei, em Várzea Grande,...",G1,https://g1.globo.com/mt/mato-grosso/noticia/2026/08/04/pm-e-morto-a-tiros-durante-aula-de-jiu-jitsu-em-varzea-grande-mt.ghtml,Pendente
auto-da788c10c6,09/08/2026,2026-08-09,Policial e Segurança Pública,Policial militar é homenageado pela Câmara de Quatá por serviços prestados à população,Moção apresentada pelas vereadoras Aline Bigeschi e Mayla Correia reconheceu a dedicação e o profissionalismo do soldado PM Alves.,Rádio Tupã,https://www.radiotupa.com.br/policial-militar-e-homenageado-pela-camara-de-quata-por-servicos-prestados-a-populacao/,Pendente

auto-ea5102eb07,14/08/2026,Cultura Pop e Gastronomia,"Policial Militar é presa suspeita pela morte de soldado da PM","Assine para ter acesso ilimitado a todo o conteúdo do portal O POVO e também do streaming O POVO+. Reportagens; filmes; séries; clube de descontos;...",O POVO,https://www.opovo.com.br/noticias/seguranca-publica/2026/08/11/policial-militar-e-presa-suspeita-pela-morte-de-soldado-da-pm.html,Pendente
auto-cc81893ca8,14/08/2026,Cultura Pop e Gastronomia,"Policial civil é suspeito de sequestro de homem em viatura falsa em SP","Um policial civil é suspeito de fazer parte de um grupo de homens que agrediu e sequestrou um homem em uma viatura falsa no bairro de Artur Alvim;...",UOL Notícias,https://noticias.uol.com.br/cotidiano/ultimas-noticias/2026/08/13/sequestro-jovem-artur-alvim-policial-suspeito.ghtm,Pendente
auto-699c19a5b9,14/08/2026,Cultura Pop e Gastronomia,"Mariana Barcellos","Mariana Barcellos é repórter do NSC Total e graduada em Jornalismo pela Universidade Federal do Rio Grande do Sul (UFRGS). Com sete anos de experiência em...",NSC Total,https://www.nsctotal.com.br/autor/mariana-barcellos/page/167,Pendente
auto-053c605c9b,14/08/2026,Cultura Pop e Gastronomia,"Defensoria Pública entra com ação coletiva contra descontos indevidos do Credcesta","Processo pede suspensão da contratação e comercialização do cartão benefício; instituição de um canal de comunicação com os consumidores e a observação da...",Extra online,https://extra.globo.com/economia/servidor-publico/noticia/2026/08/defensoria-publica-entra-com-acao-civil-contra-descontos-indevidos-do-credcesta.ghtml,Pendente
auto-2a06c9245c,14/08/2026,Policial e Segurança Pública,"Polícia prende suspeito de roubar celular de jovem que implorou para não ser assaltada, em Caxias","De acordo com a Polícia Civil; Alison da Cruz Santana Aleixo ainda agrediu a vítima.",Extra online,https://extra.globo.com/rio/casos-de-policia/noticia/2026/08/policia-prende-suspeito-de-roubar-celular-de-jovem-que-implorou-para-nao-ser-assaltada-em-caxias.ghtml,Pendente
auto-12ddc7dccb,14/08/2026,Policial e Segurança Pública,"Troca de tiros deixa um morto, seis detidos e um policial militar ferido, na Grande João Pessoa","Uma pessoa morreu; seis foram detidas e um policial militar foi baleado durante uma ação da Polícia Militar no bairro do Açude; em Santa Rita; na madrugada...",G1,https://g1.globo.com/pb/paraiba/noticia/2026/08/13/seis-pessoas-sao-detidas-e-um-policial-militar-e-baleado-durante-troca-de-tiros-na-grande-joao-pessoa.ghtml,Pendente
auto-7e5ddc9625,14/08/2026,Ciência e Tecnologia,"Servidor público é suspeito de aliciar adolescentes para incendiar loja em Planaltina (DF)","Discussão sobre parafuso levou a incêndio em loja com danos de R$ 10 mil.",R7,https://noticias.r7.com/brasilia/cidade-alerta-df/video/servidor-publico-e-suspeito-de-aliciar-adolescentes-para-incendiar-loja-em-planaltina-df-14082026/,Pendente
auto-157d63f484,14/08/2026,Ciência e Tecnologia,"Conselho Superior do Ministério Público - 1","RESOLUCÕES. RESOLUÇÃO Nº 2.327/2026-PGJ; DE 03 DE JULHO DE 2026. (SEI Nº 29.0001.0023150.2026-02). Homologa a modificação das atribuições dos cargos de...",Ministério Público do Estado de São Paulo,https://www.mpsp.mp.br/w/do-11-08-2026,Pendente
auto-bf3a23264c,14/08/2026,Histórias e Superação,"INSS amplia número de doenças que permitem acesso a auxílio e aposentadoria","INSCREVA-SE NO CANAL:https://www.youtube.com/channel/UCToYO4d7XLXYC0XO_hdyoAwAcompanhe os principais acontecimentos de Maceió; Alagoas e do Brasil com a...",TNH1,https://www.tnh1.com.br/videos/single-de-video/vid/inss-amplia-numero-de-doencas-que-permitem-acesso-a-auxilio-e-aposentadoria-z2OF9PyM5no/,Pendente
auto-b2a1e134d2,14/08/2026,Histórias e Superação,"Gestação de alto risco é incluída na lista de doenças que garantem benefícios previdenciários sem a exigência de carência mínima — Instituto Nacional do Seguro Social - INSS","Para ter direito; a gestante deve ser segurada do INSS e passar por uma avaliação médico-pericial.",Governo Federal,https://www.gov.br/inss/pt-br/assuntos/noticias/gestacao-de-alto-risco-e-incluida-na-lista-de-doencas-que-garantem-beneficios-previdenciarios-sem-a-exigencia-de-carencia-minima,Pendente
auto-a598cd2ae8,14/08/2026,Carreira e Conquistas,"Meu RSC - IFAM","Portal de Reconhecimento de Saberes e Competências dos servidores PCCTAE do Instituto Federal do Amazonas.",IFAM - Instituto Federal do Amazonas,https://meu-rsc.ifam.edu.br/termos,Pendente
auto-cf4178061a,14/08/2026,Solidariedade e Comunidade,"Nota de Pesar Recebemos com profundo pesar a notícia do falecimento do Servidor Municipal Adilson Nogueira Santos, filho de Martins Jesus Santos e Benícia Nogueira de Oliveira. Neste momento de dor, expressamos nossa solidariedade aos familiares e","Nota de Pesar Recebemos com profundo pesar a notícia do falecimento do Servidor Municipal Adilson Nogueira Santos; filho de Martins Jesus Santos e Benícia Nogueira de Oliveira. Neste momento de dor; expressamos nossa solidariedade aos familiares e",Facebook,https://www.facebook.com/itajuipeoficial/posts/nota-de-pesarrecebemos-com-profundo-pesar-a-not%C3%ADcia-do-falecimento-do-servidor-m/1379458147699097/,Pendente
auto-ceae18a58f,14/08/2026,Jurídico e PAD,"DIÁRIO DA JUSTIÇA","PORTARIA GP N. 1809 DE 12 DE AGOSTO DE 2026. Instaura processo administrativo disciplinar. O PRESIDENTE DO TRIBUNAL DE JUSTIÇA DO ESTADO DE.",Tribunal de Justiça de Santa Catarina,https://busca.tjsc.jus.br/dje-consulta/rest/diario/caderno?edicao=4789&cdCaderno=4,Pendente
dou-3db1e040ae,14/08/2026,Carreira e Conquistas,"PORTARIA SE/MINC Nº 171, DE 13 DE AGOSTO DE 2026","delegação de competência prevista na Portaria MinC nº 185, de 26 de fevereiro de 2025, resolve: Art. 1º Exonerar ... , a pedido, NATÁLIA VALADARES DO VALE do cargo de Chefe de Divisão, código CCE 1.07",Diário Oficial da União (DO2),https://www.in.gov.br/web/dou/-/portaria-se/minc-n-171-de-13-de-agosto-de-2026-725544951,Pendente
dou-19e3d082cd,14/08/2026,Carreira e Conquistas,"ATO Nº 5.399, DE 13 DE AGOSTO DE 2026","disposto nos incisos I e II do artigo 71 da Lei nº 8.457/1992, alterada pela Lei nº 13.774/2018, resolve: EXONERAR ... , a pedido, a partir de 5 de agosto de 2026, o Analista Judiciário, área Apoio Es",Diário Oficial da União (DO2),https://www.in.gov.br/web/dou/-/ato-n-5.399-de-13-de-agosto-de-2026-725540128,Pendente
dou-86912e1980,14/08/2026,Carreira e Conquistas,"PORTARIA DGP/PF Nº 2.890, DE 13 DE AGOSTO DE 2026","DOU nº 200, de 17/10/2018, e considerando o que consta no Processo n.º 08211.002325/2026-09, resolve: Exonerar ... a pedido, a partir de 04 de agosto de 2026, do quadro de Pessoal da Polícia Federal, ",Diário Oficial da União (DO2),https://www.in.gov.br/web/dou/-/portaria-dgp/pf-n-2.890-de-13-de-agosto-de-2026-725537835,Pendente
dou-744e8056ea,14/08/2026,Carreira e Conquistas,"ATOS DE 13 DE AGOSTO DE 2026","confere o artigo 1º, inciso I, alínea ""a"", do Ato da Mesa n.º 205, de 28 de junho de 1990, resolve: EXONERAR ... , a pedido, de acordo com o artigo 35, inciso II, da Lei n.º 8.112, de 11 de dezembro d",Diário Oficial da União (DO2),https://www.in.gov.br/web/dou/-/atos-de-13-de-agosto-de-2026-725537440,Pendente
dou-99279fe33f,14/08/2026,Carreira e Conquistas,"PORTARIA DE PESSOAL Nº 266, DE 13 DE AGOSTO DE 2026","Nº 925, de 30 de dezembro de 2024, publicada no Diário Oficial da União do dia 31 seguinte, resolve: Exonerar ... , a pedido, a partir de 12 de agosto de 2026, MÁRCIO CARVALHO ALMEIDA, Matrícula SIAPE",Diário Oficial da União (DO2),https://www.in.gov.br/web/dou/-/portaria-de-pessoal-n-266-de-13-de-agosto-de-2026-725534914,Pendente
dou-7cad339842,14/08/2026,Carreira e Conquistas,"PORTARIA Nº 1.054, DE 13 DE AGOSTO DE 2026","publicado no Diário Oficial da União de 06 de dezembro de 2023, seção 2, pág. 01; resolve: Art. 1º Exonerar ... , a pedido, a contar de 29 de julho de 2026, LUCAS BROGGIO, SIAPE n° 3514529, ocupante d",Diário Oficial da União (DO2),https://www.in.gov.br/web/dou/-/portaria-n-1.054-de-13-de-agosto-de-2026-725529129,Pendente
dou-4d169a4284,14/08/2026,Carreira e Conquistas,"PORTARIA DGPAC/INSS Nº 11, DE 13 DE AGOSTO DE 2026","Padrão I, código de vaga nº 531714, do Quadro de Pessoal Permanente deste Instituto, em decorrência de exoneração ... a pedido, com fundamento no art. 33, inciso I, da Lei nº 8.112, de 11 de dezembro ",Diário Oficial da União (DO2),https://www.in.gov.br/web/dou/-/portaria-dgpac/inss-n-11-de-13-de-agosto-de-2026-725528181,Pendente
dou-12655e3160,14/08/2026,Carreira e Conquistas,"PORTARIA Nº 777, DE 13 DE AGOSTO DE 2026","semanais, LARISSA GOMES DE LIMA, habilitado(a) em Concurso Público de Provas, na vaga decorrente da exoneração ... a pedido de ALICE MONTEIRO RODRIGUES SENA, por meio da Portaria GR/UFRPE nº 710/2026,",Diário Oficial da União (DO2),https://www.in.gov.br/web/dou/-/portaria-n-777-de-13-de-agosto-de-2026-725517988,Pendente
dou-5b6ef2bce3,14/08/2026,Carreira e Conquistas,"PORTARIAS DE 13 DE AGOSTO DE 2026","Geográficas e Estatísticas, classe B, padrão I, do quadro permanente desta Fundação, por motivo de exoneração ... a pedido do(a) servidor(a) CELTON JOSE DOS SANTOS COSTA, CPF nº XXX.760.336-XX, matríc",Diário Oficial da União (DO2),https://www.in.gov.br/web/dou/-/portarias-de-13-de-agosto-de-2026-725517196,Pendente
dou-79eca1ef99,14/08/2026,Carreira e Conquistas,"PORTARIA SE/MT Nº 227, DE 12 DE AGOSTO DE 2026",", e considerando o constante dos autos do processo administrativo nº 50000.032922/2026-00, resolve: Exonerar ... , a pedido, a contar de 28 de julho de 2026, CLEBER GOMES DE CARVALHO, CPF nº 722.***.*",Diário Oficial da União (DO2),https://www.in.gov.br/web/dou/-/portaria-se/mt-n-227-de-12-de-agosto-de-2026-725461372,Pendente
dou-65ecaf350c,14/08/2026,Carreira e Conquistas,"PORTARIA SEGP Nº 63, DE 13 DE AGOSTO DE 2026","delegada por intermédio da Portaria GPR 278/2026 e tendo em vista o contido no PA 0029179/2026, resolve: Exonerar ... , a pedido, com fundamento no art. 34, caput, da Lei 8.112/90, Euclides de Oliveir",Diário Oficial da União (DO2),https://www.in.gov.br/web/dou/-/portaria-segp-n-63-de-13-de-agosto-de-2026-725457286,Pendente
dou-38fa4bb569,14/08/2026,Carreira e Conquistas,"PORTARIA SCRCE HFA-MD N° 4.175, de 11 de agosto de 2026","Oficial da União do dia 27 de julho de 2022, e o que consta do Processo SEI 60550.021534/2026-12 resolve: EXONERAR ... , a pedido, nos termos do art. 34 da Lei n.º 8.112/1990, a servidora PAULA BEATRI",Diário Oficial da União (DO2),https://www.in.gov.br/web/dou/-/portaria-scrce-hfa-md-n-4.175-de-11-de-agosto-de-2026-725453341,Pendente
dou-75a7611378,14/08/2026,Carreira e Conquistas,"RETIFICAÇÃO","publicada no Diário Oficial da União nº 151, de 12 de agosto de 2026, Seção 2, página 2,onde se lê:""Fica exonerado ... , a pedido, AGNALDO DE OLIVEIRA VASCONCELOS..."",leia-se:""Fica exonerado AGNALDO D",Diário Oficial da União (DO2),https://www.in.gov.br/web/dou/-/retificacao-725445310,Pendente
dou-11c2d12ce4,14/08/2026,Carreira e Conquistas,"PORTARIA SCRCE HFA-MD N° 4.174, de 11 de agosto de 2026","Oficial da União do dia 27 de julho de 2022, e o que consta do Processo SEI 60550.021543/2026-11 resolve: EXONERAR ... , a pedido, nos termos do art. 34 da Lei n.º 8.112/1990, a servidora IVONEIDE JOV",Diário Oficial da União (DO2),https://www.in.gov.br/web/dou/-/portaria-scrce-hfa-md-n-4.174-de-11-de-agosto-de-2026-725444917,Pendente
dou-8bfed3416b,14/08/2026,Carreira e Conquistas,"PORTARIA Nº 1.053, DE 13 DE AGOSTO DE 2026","publicado no Diário Oficial da União de 06 de dezembro de 2023, seção 2, pág. 01; resolve: Art. 1º Exonerar ... , a pedido, a contar de 31 de julho de 2026, FRANKLIN PAULINO LEAL, SIAPE n° 3542326, oc",Diário Oficial da União (DO2),https://www.in.gov.br/web/dou/-/portaria-n-1.053-de-13-de-agosto-de-2026-725439260,Pendente
dou-94a8725e0c,14/08/2026,Carreira e Conquistas,"RETIFICAÇÃO","publicada no Diário Oficial da União nº 151, de 12 de agosto de 2026, Seção 2, página 3,onde se lê:""Fica exonerado ... , a pedido, ROGÉRIO BRITO DE MIRANDA...""Fica exonerado, a pedido, ROGÉRIO BRITO D",Diário Oficial da União (DO2),https://www.in.gov.br/web/dou/-/retificacao-725429418,Pendente
dou-6f21803098,14/08/2026,Carreira e Conquistas,"Portarias de 11 de agosto de 2026","2020-45 e a solicitação contida no Ofício nº nº 2/2026/COPEPES/GVR, resolve: Nº 8.506 - Art. 1º) Fica exonerada ... , a pedido, a Profa. 4º do Estatuto da FUFSCar, aprovado pela Portaria MEC nº 1161, ",Diário Oficial da União (DO2),https://www.in.gov.br/web/dou/-/portarias-de-11-de-agosto-de-2026-725428549,Pendente
dou-47aefb930d,14/08/2026,Carreira e Conquistas,"PORTARIA DE PESSOAL SE/MJSP Nº 1.161, DE 11 DE AGOSTO DE 2026","da Portaria nº 665, de 24 de junho de 2024, do Ministério da Justiça e Segurança Pública, resolve: Exonerar ... , a pedido, RAPHAEL CERQUEIRA DE SOUZA HÜBNER do cargo de Coordenador de Implantação, Su",Diário Oficial da União (DO2),https://www.in.gov.br/web/dou/-/portaria-de-pessoal-se/mjsp-n-1.161-de-11-de-agosto-de-2026-725428289,Pendente
dou-a30d5e1430,14/08/2026,Jurídico e PAD,"PORTARIA Nº 153, DE 13 DE AGOSTO DE 2026","Ministro de Estado da Educação, de 10 de julho de 2026, que determinou a aplicação da penalidade de demissão exercício das atribuições que lhe confere o Decreto Presidencial de 14 de fevereiro de 2025",Diário Oficial da União (DO2),https://www.in.gov.br/web/dou/-/portaria-n-153-de-13-de-agosto-de-2026-725532141,Pendente
dou-b9ccfdce0e,14/08/2026,Jurídico e PAD,"PORTARIA Nº 8.408, DE 12 DE AGOSTO DE 2026","resolve: Art. 1º Aplicar a Amanda Vieira Araújo Alves, matrícula SIAPE ****355, bióloga, a penalidade de DEMISSÃO, nos termos do art 132, inciso II da Lei nº 8.112/90 com base nos autos contidos no pr",Diário Oficial da União (DO2),https://www.in.gov.br/web/dou/-/portaria-n-8.408-de-12-de-agosto-de-2026-725522809,Pendente
dou-dd770c36cd,14/08/2026,Jurídico e PAD,"PORTARIA Nº 8.395, DE 12 DE AGOSTO DE 2026","Aplicar a Isabela Ferreira da Silva, matrícula SIAPE ****424, Auxiliar de Enfermagem, a penalidade de DEMISSÃO, nos termos do art 132, inciso II da Lei nº 8.112/90 com base nos autos contidos no proce",Diário Oficial da União (DO2),https://www.in.gov.br/web/dou/-/portaria-n-8.395-de-12-de-agosto-de-2026-725509450,Pendente
dou-a6c5af5986,14/08/2026,Jurídico e PAD,"PORTARIA Nº 8.409, DE 12 DE AGOSTO DE 2026","1º Aplicar a Didimo de Oliveira, matrícula SIAPE ****360, Técnico em Eletrotécnica, a penalidade de DEMISSÃOPORTARIA Nº 8.409, DE 12 DE AGOSTO DE 2026 O REITOR DA UNIVERSIDADE FEDERAL DO RIO DE JANEIR",Diário Oficial da União (DO2),https://www.in.gov.br/web/dou/-/portaria-n-8.409-de-12-de-agosto-de-2026-725435127,Pendente
dou-75e952c203,14/08/2026,Carreira e Conquistas,"EDITAL Nº 7/2026","TOTAL SEÇÃO I 45 SEÇÃO II - CRITÉRIOS DO EIXO DE FORMAÇÃO E PRÁTICAS PEDAGÓGICAS Item Nome do Critério ... TOTAL SEÇÃO IV 60 SEÇÃO V - CRITÉRIOS DO EIXO DE RECONHECIMENTO E BOAS PRÁTICAS Item Nome do ",Diário Oficial da União (DO3_EXTRA_A),https://www.in.gov.br/web/dou/-/edital-n-7/2026-725569451,Pendente
dou-b031902599,14/08/2026,Carreira e Conquistas,"Resolução CONDEL/SUDECO Nº 185, DE 16 DE JULHO DE 2026","previamente aprovadas pelo agente operador e pela SUDECO; VI - abrir contas vinculadas específicas em seu nome ... com informações detalhadas sobre os pagamentos realizados com indicação de valor, dat",Diário Oficial da União (DO1),https://www.in.gov.br/web/dou/-/resolucao-condel/sudeco-n-185-de-16-de-julho-de-2026-725566759,Pendente
dou-f521ede4a2,14/08/2026,Carreira e Conquistas,"PORTARIA SE/MS Nº 975, DE 13 DE AGOSTO DE 2026","Unidade Responsável Meta Intermediária Meta Física Nome do Indicador Fórmula de cálculo do alcance da ... Unidade Responsável Meta Intermediária Meta Física Nome do Indicador Fórmula de cálculo do alc",Diário Oficial da União (DO1),https://www.in.gov.br/web/dou/-/portaria-se/ms-n-975-de-13-de-agosto-de-2026-725563703,Pendente
dou-b0b1023146,14/08/2026,Carreira e Conquistas,"ATA Nº 26, DE 11 DE AGOSTO DE 2026","Antônio Joaquim Ribeiro Júnior não compareceu para produzir a sustentação oral que havia requerido em nome ... em 9/3/2026 e apreciados pelo Acórdão 1.820/2026-TCU-2ª Câmara deveriam ter sido recebido",Diário Oficial da União (DO1),https://www.in.gov.br/web/dou/-/ata-n-26-de-11-de-agosto-de-2026-725563624,Pendente
dou-c1e286350f,14/08/2026,Carreira e Conquistas,"PARECER DE ORIENTAÇÃO Nº 11/2026/SUSEP","As consultas quanto à inexistência de sanções impeditivas da contratação devem ser realizadas em nome ... Os dados do preâmbulo, como o nome dos representantes legais e endereços, devem ser verificado",Diário Oficial da União (DO1),https://www.in.gov.br/web/dou/-/parecer-de-orientacao-n-11/2026/susep-725554254,Pendente
dou-1092053a64,14/08/2026,Carreira e Conquistas,"Emenda por Troca de Notas ao Anexo B do Acordo sobre Segurança","suplemento ao seu manual de organização de manutenção - MOM, que deve ser verificado e aprovado pela ANAC em nome ... condições abaixo indicadas, sob reserva de verificação pela ANAC: a) Autoriza a AE",Diário Oficial da União (DO1),https://www.in.gov.br/web/dou/-/emenda-por-troca-de-notas-ao-anexo-b-do-acordo-sobre-seguranca-725550831,Pendente
dou-898c62fae8,14/08/2026,Carreira e Conquistas,"DESPACHOS DO PRESIDENTE DA REPÚBLICA","Encaminhamento ao Senado Federal, para apreciação, do nome do Senhor FÉLIX BAES BAPTISTA DE FARIA, Ministro de 2026, publicada no Diário Oficial da União de 5 de março de 2026, que outorga permissão à",Diário Oficial da União (DO1),https://www.in.gov.br/web/dou/-/despachos-do-presidente-da-republica-725549071,Pendente
dou-f8ff4cdc39,14/08/2026,Carreira e Conquistas,"PORTARIA UFRB Nº 801, DE 13 DE AGOSTO DE 2026","18/05/2011 e as Portarias Interministeriais n° 399, de 13/12/2016, e n° 316, de 09/10/2017, resolve: Nomeart. 9º da Lei nº 8.112, de 11/12/1990, o art. 9º da Lei nº 12.772, de 28/12/2012, o art. 7° do",Diário Oficial da União (DO2),https://www.in.gov.br/web/dou/-/portaria-ufrb-n-801-de-13-de-agosto-de-2026-725547242,Pendente
dou-da0fe1ad34,14/08/2026,Carreira e Conquistas,"PORTARIA DE PESSOAL Nº 787, DE 12 DE AGOSTO DE 2026","legais e regimentais e de acordo com o processo SEI/UFTM nº 23085.008402/2026-11, resolve: Art. 1º Nomearesidente da República, por meio do Decreto de 1º de junho de 2023, publicado no Diário Oficial ",Diário Oficial da União (DO2),https://www.in.gov.br/web/dou/-/portaria-de-pessoal-n-787-de-12-de-agosto-de-2026-725547084,Pendente
dou-992ea64442,14/08/2026,Carreira e Conquistas,"PORTARIA MIDR Nº 2.570, DE 12 DE AGOSTO DE 2026","Decreto nº 12.504, de 12 de junho de 2025, e o constante no processo nº 59000.015189/2026-25, resolve: NOMEARIA MIDR Nº 2.570, DE 12 DE AGOSTO DE 2026 O DIRETOR DE ADMINISTRAÇÃO DA SECRETARIA-EXECUTIV",Diário Oficial da União (DO2),https://www.in.gov.br/web/dou/-/portaria-midr-n-2.570-de-12-de-agosto-de-2026-725546847,Pendente
dou-494ed14919,14/08/2026,Carreira e Conquistas,"PORTARIA Nº 143, DE 7 DE AGOSTO DE 2026","Administrativo 0007795-41.2025.5.10.8000, 0006710-20.2025.5.10.8000 e 0008817-37.2025.5.10.8000, resolve: NOMEARTARIA Nº 143, DE 7 DE AGOSTO DE 2026 O PRESIDENTE DO TRIBUNAL REGIONAL DO TRABALHO DA DÉ",Diário Oficial da União (DO2),https://www.in.gov.br/web/dou/-/portaria-n-143-de-7-de-agosto-de-2026-725546296,Pendente
dou-b11b13516a,14/08/2026,Carreira e Conquistas,"PORTARIA Nº 2.473, DE 7 DE AGOSTO DE 2026","direção-geral e ordenadora de despesas substituta;formada pelas(os) servidoras(es) abaixo especificadas(os): Nomento Geral do IFBA, e tendo em vista o Processo nº 23280.001962/2026-20, resolve: A REIT",Diário Oficial da União (DO2),https://www.in.gov.br/web/dou/-/portaria-n-2.473-de-7-de-agosto-de-2026-725546057,Pendente
dou-15235fbd1d,14/08/2026,Carreira e Conquistas,"Portaria DGP/PF nº 2.875, de 12 de agosto de 2026","nos termos do § 6º do art. 13 da Lei nº 8.112, de 11 de dezembro de 1990: Cargo: Médico Ortopedista Nome ... termos do § 6º do art. 13 da Lei nº 8.112, de 11 de dezembro de 1990: Cargo: Agente Adminis",Diário Oficial da União (DO2),https://www.in.gov.br/web/dou/-/portaria-dgp/pf-n-2.875-de-12-de-agosto-de-2026-725545425,Pendente
dou-2974258ebd,14/08/2026,Carreira e Conquistas,"PORTARIA Nº 2.251, DE 13 DE AGOSTO DE 2026","CONSIDERANDO ainda, o que consta na Portaria nº 1534/2026 - RE/IFRN, de 11 de junho de 2026, resolve: NOMEARTARIA Nº 2.251, DE 13 DE AGOSTO DE 2026 O REITOR DO INSTITUTO FEDERAL DE EDUCAÇÃO, CIÊNCIA E",Diário Oficial da União (DO2),https://www.in.gov.br/web/dou/-/portaria-n-2.251-de-13-de-agosto-de-2026-725544398,Pendente
dou-99f91e6198,14/08/2026,Carreira e Conquistas,"PORTARIA GAB/CHEFIA Nº 567, DE 10 DE AGOSTO DE 2026","comissão de Assessora-Chefe Nível II, CC-2, da Assessoria Especial da Procuradoria da República no Ceará; Nomeartigo 56, inciso VI, do Regimento Interno do Ministério Público Federal, aprovado pela Po",Diário Oficial da União (DO2),https://www.in.gov.br/web/dou/-/portaria-gab/chefia-n-567-de-10-de-agosto-de-2026-725543134,Pendente
dou-d39d2312a9,14/08/2026,Carreira e Conquistas,"PORTARIA Nº 142, DE 7 DE AGOSTO DE 2026","Administrativos 0007795-41.2025.5.10.8000, 0006710-20.2025.5.10.8000 e 0008817-37.2025.5.10.8000, resolve: NOMEARIA Nº 142, DE 7 DE AGOSTO DE 2026 O PRESIDENTE DO TRIBUNAL REGIONAL DO TRABALHO DA DÉCI",Diário Oficial da União (DO2),https://www.in.gov.br/web/dou/-/portaria-n-142-de-7-de-agosto-de-2026-725542739,Pendente
dou-d39f66a746,14/08/2026,Carreira e Conquistas,"PORTARIA Nº 2.858, DE 12 DE AGOSTO DE 2026","da Administração Superior da Universidade Federal do Acre em 12 de agosto de 2026, resolve: Art. 1º NOMEARTARIA Nº 2.858, DE 12 DE AGOSTO DE 2026 O REITOR DA UNIVERSIDADE FEDERAL DO ACRE, no uso das a",Diário Oficial da União (DO2),https://www.in.gov.br/web/dou/-/portaria-n-2.858-de-12-de-agosto-de-2026-725541155,Pendente
dou-673c517dd5,14/08/2026,Carreira e Conquistas,"EDITAL SEGEP/PR Nº 8, DE 7 DE AGOSTO DE 2026","Nome CPF ANA RITA LEONCIO ***.***.*89-04 CARLOS ALBERTO FERRI ***.***.*09-34 DANIEL RUIZ ***.***.*09-EDITAL SEGEP/PR Nº 8, DE 7 DE AGOSTO DE 2026 A CHEFE DO SERVIÇO DE GESTÃO DE PESSOAS DA SUPERINTEND",Diário Oficial da União (DO2),https://www.in.gov.br/web/dou/-/edital-segep/pr-n-8-de-7-de-agosto-de-2026-725540049,Pendente
dou-285308fc82,14/08/2026,Carreira e Conquistas,"PORTARIA DG Nº 1.223, DE 13 DE AGOSTO DE 2026","Art. 2° Nomear a servidora ROSANA FARIAS DO VALLE, matrícula 6006859-0, ocupante do cargo efetivo de ... Art. 3° Nomear o servidor SINVAL DE MELO MONTEIRO JUNIOR, matrícula 6004159-5, ocupante do carg",Diário Oficial da União (DO2),https://www.in.gov.br/web/dou/-/portaria-dg-n-1.223-de-13-de-agosto-de-2026-725538864,Pendente
dou-a98bc0de05,14/08/2026,Carreira e Conquistas,"PORTARIA N° 3.350/2026 - GAB-REIT/REITORIA/IFMA, DE 13 DE AGOSTO DE 2026","Inciso VIII da Lei 8.112/90, e a solicitação constante Processo nº 23249.033188/2026-11, resolve: a) Conceder ... vacância ao cargo de Tecnólogo - Gestão Pública/Financeira, do (a) Reitoria, ocupado p",Diário Oficial da União (DO2),https://www.in.gov.br/web/dou/-/portaria-n-3.350/2026-gab-reit/reitoria/ifma-de-13-de-agosto-de-2026-725506845,Pendente
dou-f5873fe006,14/08/2026,Histórias e Superação,"PORTARIA Nº 135, DE 13 DE AGOSTO DE 2026","conferidas pela Portaria SE/MS Nº 139, de 15/02/2024, publicada no DOU nº 33, de 19/02/2024, resolve: I - Conceder ... Aposentadoria Voluntária por Idade e Tempo de Contribuição, com fundamento legal ",Diário Oficial da União (DO2),https://www.in.gov.br/web/dou/-/portaria-n-135-de-13-de-agosto-de-2026-725543292,Pendente
dou-88cbee1875,14/08/2026,Histórias e Superação,"PORTARIA/SEGEP/ES Nº 67, DE 13 DE AGOSTO DE 2026","954, de 16 de agosto de 2022, publicada no Diário Oficial da União de 17 de agosto de 2022, resolve: Conceder ... aposentadoria voluntária ao servidor MARIA CARMEM ALVES MEYRELLES, matrícula SIAPE 109",Diário Oficial da União (DO2),https://www.in.gov.br/web/dou/-/portaria/segep/es-n-67-de-13-de-agosto-de-2026-725543208,Pendente
dou-a88087036a,14/08/2026,Histórias e Superação,"PORTARIA CGBEN/DECIPEX/SGP/MGI N° 9.683, DE 13 DE AGOSTO DE 2026","de dezembro de 2018, e considerando o disposto no Processo nº 10263.200700/2025-21, resolve: Art. 1º Conceder ... aposentadoria voluntária ao servidor, GERALDO ISMAEL BAYS, matrícula SIAPE nº 0256249,",Diário Oficial da União (DO2),https://www.in.gov.br/web/dou/-/portaria-cgben/decipex/sgp/mgi-n-9.683-de-13-de-agosto-de-2026-725540681,Pendente
dou-b10071cbfb,14/08/2026,Histórias e Superação,"PORTARIA CGBEN/DECIPEX/SGP/MGI N° 9.661, DE 13 DE AGOSTO DE 2026","de dezembro de 2018, e considerando o disposto no Processo nº 10265.251667/2026-69, resolve: Art. 1º Conceder ... aposentadoria voluntária ao servidor, ALFREDO DA COSTA MOREIRA NETO, matrícula SIAPE n",Diário Oficial da União (DO2),https://www.in.gov.br/web/dou/-/portaria-cgben/decipex/sgp/mgi-n-9.661-de-13-de-agosto-de-2026-725537993,Pendente
dou-c794d995db,14/08/2026,Histórias e Superação,"PORTARIA Nº 4.343/GABR/UFC, DE 13 DE AGOSTO DE 2026","Ministro de Estado da Educação, considerando o que consta no Processo nº 23067.052368/2025-41, resolve: Conceder ... Aposentadoria Voluntária sem paridade com proventos proporcionais à servidora SILVA",Diário Oficial da União (DO2),https://www.in.gov.br/web/dou/-/portaria-n-4.343/gabr/ufc-de-13-de-agosto-de-2026-725534598,Pendente
dou-bc13fbfda4,14/08/2026,Histórias e Superação,"PORTARIA Nº 940, DE 14 DE JULHO DE 2026","14 de abril de 2022, publicada no Diário Oficial da União de 19 de abril de 2022, resolve: Art. 1º - Conceder ... aposentadoria voluntária a ANA ELIZABETH DO NASCIMENTO RIBEIRO, matrícula SIAPE nº 353",Diário Oficial da União (DO2),https://www.in.gov.br/web/dou/-/portaria-n-940-de-14-de-julho-de-2026-725530956,Pendente
dou-ff30b105c1,14/08/2026,Histórias e Superação,"PORTARIA CGBEN/DECIPEX/SGP/MGI N° 9.684, DE 13 DE AGOSTO DE 2026","de dezembro de 2018, e considerando o disposto no Processo nº 10271.101510/2026-12, resolve: Art. 1º Conceder ... aposentadoria voluntária ao servidor GENIBERTO SOUSA DE ARAÚJO, matrícula SIAPE nº 014",Diário Oficial da União (DO2),https://www.in.gov.br/web/dou/-/portaria-cgben/decipex/sgp/mgi-n-9.684-de-13-de-agosto-de-2026-725526601,Pendente
dou-171a527892,14/08/2026,Histórias e Superação,"ATO Nº 4.759, DE 10 DE AGOSTO DE 2026","regimentais, tendo em vista o que consta do Processo Administrativo 0006267-84.2026.4.04.8000, resolve: CONCEDER ... APOSENTADORIA VOLUNTÁRIA com proventos integrais à servidora MARILIA TERESINHA CARV",Diário Oficial da União (DO2),https://www.in.gov.br/web/dou/-/ato-n-4.759-de-10-de-agosto-de-2026-725525890,Pendente
dou-6ee306974c,14/08/2026,Histórias e Superação,"PORTARIA CGBEN/DECIPEX/SGP/MGI N° 9.636, DE 13 DE AGOSTO DE 2026","de dezembro de 2018, e considerando o disposto no Processo nº 14021.012952/2026-80, resolve: Art. 1º Conceder ... aposentadoria voluntária com proventos integrais à servidora, NILVA SALVI , matrícula ",Diário Oficial da União (DO2),https://www.in.gov.br/web/dou/-/portaria-cgben/decipex/sgp/mgi-n-9.636-de-13-de-agosto-de-2026-725524545,Pendente
dou-a8f9b4dfe1,14/08/2026,Histórias e Superação,"PORTARIA CGBEN/DECIPEX/SGP/MGI N° 9.657, DE 13 DE AGOSTO DE 2026","de dezembro de 2018, e considerando o disposto no Processo nº 10128.062720/2025-42, resolve: Art.1º Conceder ... aposentadoria voluntária ao servidor, JÂNIO SILVA DE QUADROS, matrícula SIAPE nº 179231",Diário Oficial da União (DO2),https://www.in.gov.br/web/dou/-/portaria-cgben/decipex/sgp/mgi-n-9.657-de-13-de-agosto-de-2026-725522493,Pendente
dou-a45bc2b87c,14/08/2026,Histórias e Superação,"PORTARIA CGBEN/DECIPEX/SGP/MGI N° 9.637, DE 13 DE AGOSTO DE 2026","de dezembro de 2018, e considerando o disposto no Processo nº 14021.052283/2026-89, resolve: Art1º Conceder ... aposentadoria voluntária à servidora, LUCIMAR ALVES DA SILVA, matrícula SIAPE nº 0712431",Diário Oficial da União (DO2),https://www.in.gov.br/web/dou/-/portaria-cgben/decipex/sgp/mgi-n-9.637-de-13-de-agosto-de-2026-725519175,Pendente
dou-f1ee495529,14/08/2026,Histórias e Superação,"PORTARIA CAPES Nº 353, DE 13 DE AGOSTO DE 2026","1.819, de 11 de setembro de 2023 e pelo Decreto n.º 11.238, de 18 de outubro de 2022, resolve: Art. 1º Conceder ... aposentadoria por incapacidade permanente, com proventos proporcionais, ao servidor ",Diário Oficial da União (DO2),https://www.in.gov.br/web/dou/-/portaria-capes-n-353-de-13-de-agosto-de-2026-725516090,Pendente
dou-5e6db14421,14/08/2026,Histórias e Superação,"PORTARIA CGBEN/DECIPEX/SGP/MGI N° 9.651, DE 13 DE AGOSTO DE 2026","de dezembro de 2018, e considerando o disposto no Processo nº 10906.202089/2026-44, resolve: Art.1º Conceder ... aposentadoria voluntária à servidora, SANDRA BOVETO DA SILVEIRA, matrícula SIAPE nº 118",Diário Oficial da União (DO2),https://www.in.gov.br/web/dou/-/portaria-cgben/decipex/sgp/mgi-n-9.651-de-13-de-agosto-de-2026-725515934,Pendente
dou-e2354fcd7c,14/08/2026,Histórias e Superação,"PORTARIA DGP N° 2.879, DE 12 DE AGOSTO DE 2026","de 17/10/2018, e tendo em vista o que consta do Processo nº 08458.001376/2026-12, resolve: Art. 1° Conceder ... aposentadoria especial voluntária, com integralidade e paridade, a JOÃO BATISTA DE CASTR",Diário Oficial da União (DO2),https://www.in.gov.br/web/dou/-/portaria-dgp-n-2.879-de-12-de-agosto-de-2026-725515776,Pendente
dou-489d4f893a,14/08/2026,Histórias e Superação,"PORTARIAS DE 13 DE AGOSTO DE 2026","Rodoviária Federal, publicada no Boletim de Serviço Eletrônico em 30 de setembro de 2022, resolve: Nº 399 - Conceder ... aposentadoria voluntária ao servidor JOSE ABRAAO PEREIRA DOS REIS, matrícula SI",Diário Oficial da União (DO2),https://www.in.gov.br/web/dou/-/portarias-de-13-de-agosto-de-2026-725515697,Pendente
dou-64a685a0e6,14/08/2026,Histórias e Superação,"PORTARIA GABREI Nº 5.083, DE 12 DE AGOSTO DE 2026","ANULAR a Portaria nº 8.014/2024, publicada no Diário Oficial da União de 30 de dezembro de 2024, que concedeu ... aposentadoria por incapacidade permanente à servidora TAINÁ CRISTINE RAMOS GUIMARÃES, ",Diário Oficial da União (DO2),https://www.in.gov.br/web/dou/-/portaria-gabrei-n-5.083-de-12-de-agosto-de-2026-725513643,Pendente
dou-bd7ea2e3b5,14/08/2026,Histórias e Superação,"PORTARIA CGBEN/DECIPEX/SGP/MGI N° 9.679, DE 13 DE AGOSTO DE 2026","de dezembro de 2018, e considerando o disposto no Processo nº 13113.197759/2026-18, resolve: Art. 1º Conceder ... aposentadoria voluntária ao servidor, PEDRO NEGREIROS TEBYRICA, matrícula SIAPE nº 130",Diário Oficial da União (DO2),https://www.in.gov.br/web/dou/-/portaria-cgben/decipex/sgp/mgi-n-9.679-de-13-de-agosto-de-2026-725511115,Pendente
dou-8bd6a0b6a8,14/08/2026,Histórias e Superação,"DECRETOS DE 13 DE AGOSTO DE 2026","que consta do Processo nº 00333.003410/2026-98 do Ministério da Justiça e Segurança Pública, resolve: CONCEDER ... APOSENTADORIA a SULAMIR PALMEIRA MONASSA DE ALMEIDA, no cargo de Juíza do Tribunal Re",Diário Oficial da União (DO2),https://www.in.gov.br/web/dou/-/decretos-de-13-de-agosto-de-2026-725510090,Pendente
dou-07bd469da0,14/08/2026,Histórias e Superação,"PORTARIA - DAP/DGP/C Ex Nº 690, DE 10 DE AGOSTO DE 2026","NOVEMBRO DE 2024, publicada em 28 de novembro de 2024, no DOU edição nº 229, seção 2, página 9, a qual concedeu ... aposentadoria voluntária ao servidor RONALDO LUIZ NEVES PINHEIRO, matrícula SIAPE nº",Diário Oficial da União (DO2),https://www.in.gov.br/web/dou/-/portaria-dap/dgp/c-ex-n-690-de-10-de-agosto-de-2026-725510009,Pendente
dou-37bad3aa06,14/08/2026,Histórias e Superação,"PORTARIA - DAP/DGP/C Ex Nº 695, DE 10 DE AGOSTO DE 2026","de 2 de agosto de 2023, alterada pela Portaria - C Ex nº 2.174, de 23 de fevereiro de 2024, resolve: CONCEDER ... aposentadoria voluntária ao servidor MILTON CLAIVI DE ANDRADE NEVES, matrícula SIAPE n",Diário Oficial da União (DO2),https://www.in.gov.br/web/dou/-/portaria-dap/dgp/c-ex-n-695-de-10-de-agosto-de-2026-725508184,Pendente
mov-7584f843df,14/08/2026,Carreira e Conquistas,"Marcos Antônio de Sousa toma posse como desembargador do Tribunal de Justiça do Tocantins","O advogado Marcos Antonio de Sousa, de 56 anos, assumiu nesta quarta-feira, 12, o cargo de desembargador do Tribunal de Justiça do Tocantins (TJTO) em posse...",Cleber Toledo,https://clebertoledo.com.br/tocantins/marcos-antonio-de-sousa-toma-posse-como-desembargador-do-tribunal-de-justica-do-tocantins/,Pendente
mov-31a90ab7f7,14/08/2026,Carreira e Conquistas,"Nova direção do STJ toma posse em 19 de agosto; profissionais de imprensa devem se credenciar","​A nova direção do Superior Tribunal de Justiça (STJ) tomará posse no dia 19 de agosto, às 18h, em cerimônia restrita a convidados.",Superior Tribunal de Justiça,https://www.stj.jus.br/sites/portalp/Paginas/Comunicacao/Noticias/2026/12082026-Nova-direcao-do-STJ-toma-posse-em-19-08-profissionais-de-imprensa-devem-se-credenciar.aspx,Pendente
mov-3137bef6cb,14/08/2026,Carreira e Conquistas,"Juíza Úrsula Souza toma posse no TRE-RO","Juíza de Direito Úrsula Gonçalves Theodoro de Faria Souza foi empossada como juíza titular da Corte Eleitoral do Tribunal Regional Eleitoral de Rondônia...",Tudo Rondônia,https://www.tudorondonia.com/noticias/juiza-ursula-souza-toma-posse-no-tre-ro,161448.shtml,Pendente
auto-deabb8c81f,14/08/2026,Policial e Segurança Pública,"Troca de tiros deixa um morto, seis detidos e um policial militar ferido, na Grande João Pessoa","Uma pessoa morreu; seis foram detidas e um policial militar foi baleado durante uma ação da Polícia Militar no bairro do Açude; em Santa Rita; na madrugada...",G1,https://www.google.com/goto?url=CAES1wEB7keqTT5iUeVhd0XQ4Q6zumcIc-VUJaIscr8k2RdwbhMfYP7pVXkJCCrgP3h8N2GUzEsIFC6UWFF3Lv_IgKZwnPkuDFx4RHd1cF7ljHVNVqEO8VT4MtwuSiRd2cKFLxYhbpLYjZH6Cjz2RQ500m4VEAy7M6QG2US0qPieh2-suma4LKyoQBaMxJ8ykigDmTf9_t5Ul3pWJRXzCs4vzUydeWmBZiljOwEnV4zANEAOIbb2YIu6T-OksYBgK7SrELIVi_vtZq1x8c2nEh3yUMD6XmjMVA43Uw==,Pendente
auto-cba92165df,14/08/2026,Carreira e Conquistas,"Saúde Caixa: Banco insiste em proposta que gera perda de remuneração aos empregados","Negociações avançaram na Promoção por Mérito; banco também suspendeu processo de migração de caixas e tesoureiros para negociar com o movimento sindical;...",Fenae,https://www.fenae.org.br/portal/fenae-portal/saude-caixa-banco-insiste-em-proposta-que-gera-perda-de-remuneracao-aos-empregados.htm,Pendente